"","x"
"1","12"
"2","26"
"3","11"
"4","22"
"5","41"
"6","26"
"7","17"
"8","20"
"9","35"
"10","36"
"11","30"
"12","26"
"13","30"
"14","27"
"15","27"
"16","30"
"17","35"
"18","26"
"19","35"
"20","30"
"21","31"
"22","14"
"23","35"
"24","36"
"25","30"
"26","29"
"27","30"
"28","29"
"29","35"
"30","25"
"31","27"
"32","35"
"33","36"
"34","36"
"35","28"
"36","27"
"37","27"
"38","38"
"39","9"
"40","27"
"41","30"
"42","37"
"43","23"
"44","38"
"45","31"
"46","36"
"47","30"
"48","26"
"49","36"
"50","12"
"51","31"
"52","38"
"53","35"
"54","17"
"55","33"
"56","29"
"57","36"
"58","28"
"59","24"
"60","32"
"61","30"
"62","28"
"63","17"
"64","27"
"65","30"
"66","35"
"67","11"
"68","33"
"69","38"
"70","30"
"71","27"
"72","36"
"73","30"
"74","38"
"75","28"
"76","28"
"77","28"
"78","30"
"79","35"
"80","38"
"81","35"
"82","10"
"83","38"
"84","30"
"85","33"
"86","40"
"87","27"
"88","12"
"89","9"
"90","36"
"91","9"
"92","38"
"93","35"
"94","38"
"95","35"
"96","38"
"97","40"
"98","35"
"99","36"
"100","38"
"101","28"
"102","36"
"103","38"
"104","32"
"105","30"
"106","31"
"107","35"
"108","27"
"109","30"
"110","30"
"111","30"
"112","29"
"113","29"
"114","35"
"115","12"
"116","26"
"117","28"
"118","30"
"119","36"
"120","29"
"121","25"
"122","29"
"123","27"
"124","26"
"125","29"
"126","35"
"127","36"
"128","35"
"129","35"
"130","30"
"131","30"
"132","27"
"133","37"
"134","14"
"135","25"
"136","9"
"137","40"
"138","29"
"139","30"
"140","35"
"141","28"
"142","35"
"143","30"
"144","35"
"145","38"
"146","36"
"147","30"
"148","40"
"149","5"
"150","2"
"151","29"
"152","39"
"153","30"
"154","35"
"155","12"
"156","29"
"157","26"
"158","38"
"159","38"
"160","30"
"161","35"
"162","31"
"163","27"
"164","27"
"165","40"
"166","30"
"167","26"
"168","27"
"169","30"
"170","30"
"171","30"
"172","12"
"173","27"
"174","26"
"175","27"
"176","30"
"177","27"
"178","40"
"179","40"
"180","29"
"181","36"
"182","26"
"183","28"
"184","29"
"185","26"
"186","39"
"187","30"
"188","28"
"189","29"
"190","40"
"191","30"
"192","7"
"193","35"
"194","36"
"195","27"
"196","27"
"197","10"
"198","36"
"199","35"
"200","30"
"201","35"
"202","36"
"203","38"
"204","36"
"205","27"
"206","35"
"207","26"
"208","36"
"209","35"
"210","30"
"211","36"
"212","40"
"213","10"
"214","36"
"215","26"
"216","30"
"217","36"
"218","35"
"219","36"
"220","36"
"221","38"
"222","30"
"223","36"
"224","17"
"225","28"
"226","28"
"227","33"
"228","29"
"229","36"
"230","11"
"231","29"
"232","30"
"233","26"
"234","40"
"235","36"
"236","35"
"237","29"
"238","30"
"239","12"
"240","27"
"241","30"
"242","11"
"243","12"
"244","36"
"245","36"
"246","30"
"247","36"
"248","14"
"249","30"
"250","36"
"251","30"
"252","36"
"253","35"
"254","39"
"255","30"
"256","30"
"257","26"
"258","34"
"259","27"
"260","28"
"261","28"
"262","36"
"263","12"
"264","25"
"265","11"
"266","31"
"267","26"
"268","30"
"269","38"
"270","22"
"271","40"
"272","25"
"273","28"
"274","27"
"275","38"
"276","36"
"277","12"
"278","31"
"279","12"
"280","12"
"281","36"
"282","41"
"283","27"
"284","36"
"285","12"
"286","11"
"287","26"
"288","14"
"289","30"
"290","29"
"291","30"
"292","28"
"293","12"
"294","29"
"295","12"
"296","27"
"297","1"
"298","40"
"299","36"
"300","26"
"301","26"
"302","25"
"303","12"
"304","27"
"305","30"
"306","29"
"307","30"
"308","26"
"309","26"
"310","25"
"311","38"
"312","26"
"313","25"
"314","26"
"315","40"
"316","27"
"317","29"
"318","37"
"319","40"
"320","36"
"321","30"
"322","26"
"323","32"
"324","40"
"325","41"
"326","26"
"327","25"
"328","36"
"329","26"
"330","42"
"331","28"
"332","1"
"333","12"
"334","29"
"335","29"
"336","27"
"337","30"
"338","30"
"339","27"
"340","28"
"341","42"
"342","27"
"343","35"
"344","30"
"345","30"
"346","31"
"347","40"
"348","36"
"349","30"
"350","35"
"351","36"
"352","32"
"353","33"
"354","40"
"355","31"
"356","32"
"357","36"
"358","36"
"359","36"
"360","12"
"361","30"
"362","10"
"363","40"
"364","33"
"365","31"
"366","40"
"367","40"
"368","35"
"369","40"
"370","27"
"371","36"
"372","36"
"373","35"
"374","31"
"375","30"
"376","35"
"377","40"
"378","31"
"379","26"
"380","31"
"381","36"
"382","26"
"383","40"
"384","38"
"385","36"
"386","31"
"387","34"
"388","33"
"389","35"
"390","36"
"391","33"
"392","27"
"393","26"
"394","37"
"395","40"
"396","40"
"397","10"
"398","28"
"399","26"
"400","42"
"401","25"
"402","35"
"403","28"
"404","36"
"405","17"
"406","29"
"407","25"
"408","36"
"409","26"
"410","28"
"411","36"
"412","28"
"413","40"
"414","33"
"415","29"
"416","28"
"417","36"
"418","35"
"419","35"
"420","40"
"421","31"
"422","33"
"423","40"
"424","1"
"425","33"
"426","35"
"427","38"
"428","35"
"429","30"
"430","12"
"431","33"
"432","30"
"433","30"
"434","36"
"435","30"
"436","35"
"437","40"
"438","36"
"439","36"
"440","29"
"441","40"
"442","40"
"443","36"
"444","27"
"445","31"
"446","30"
"447","36"
"448","33"
"449","36"
"450","28"
"451","33"
"452","40"
"453","26"
"454","40"
"455","35"
"456","40"
"457","28"
"458","36"
"459","36"
"460","26"
"461","32"
"462","40"
"463","30"
"464","22"
"465","36"
"466","40"
"467","36"
"468","33"
"469","40"
"470","36"
"471","30"
"472","27"
"473","31"
"474","40"
"475","33"
"476","40"
"477","17"
"478","26"
"479","30"
"480","30"
"481","36"
"482","26"
"483","36"
"484","31"
"485","31"
"486","30"
"487","28"
"488","40"
"489","31"
"490","29"
"491","31"
"492","36"
"493","25"
"494","32"
"495","40"
"496","26"
"497","26"
"498","33"
"499","36"
"500","9"
"501","36"
"502","36"
"503","27"
"504","38"
"505","27"
"506","35"
"507","36"
"508","32"
"509","38"
"510","30"
"511","36"
"512","36"
"513","35"
"514","40"
"515","30"
"516","35"
"517","32"
"518","30"
"519","40"
"520","30"
"521","29"
"522","27"
"523","36"
"524","31"
"525","30"
"526","10"
"527","38"
"528","26"
"529","9"
"530","30"
"531","35"
"532","36"
"533","35"
"534","35"
"535","26"
"536","35"
"537","30"
"538","26"
"539","31"
"540","35"
"541","25"
"542","40"
"543","30"
"544","30"
"545","30"
"546","35"
"547","28"
"548","35"
"549","27"
"550","26"
"551","36"
"552","36"
"553","30"
"554","35"
"555","28"
"556","36"
"557","30"
"558","36"
"559","27"
"560","35"
"561","35"
"562","29"
"563","29"
"564","30"
"565","33"
"566","35"
"567","36"
"568","30"
"569","35"
"570","38"
"571","30"
"572","30"
"573","10"
"574","36"
"575","30"
"576","12"
"577","36"
"578","29"
"579","30"
"580","35"
"581","12"
"582","38"
"583","9"
"584","31"
"585","30"
"586","39"
"587","9"
"588","30"
"589","25"
"590","38"
"591","40"
"592","31"
"593","40"
"594","12"
"595","36"
"596","38"
"597","28"
"598","36"
"599","35"
"600","27"
"601","30"
"602","36"
"603","30"
"604","38"
"605","29"
"606","26"
"607","25"
"608","28"
"609","12"
"610","36"
"611","38"
"612","36"
"613","10"
"614","35"
"615","40"
"616","35"
"617","27"
"618","30"
"619","35"
"620","40"
"621","31"
"622","33"
"623","36"
"624","38"
"625","26"
"626","35"
"627","30"
"628","40"
"629","30"
"630","30"
"631","25"
"632","36"
"633","30"
"634","34"
"635","40"
"636","31"
"637","31"
"638","30"
"639","36"
"640","38"
"641","40"
"642","30"
"643","37"
"644","30"
"645","28"
"646","25"
"647","36"
"648","30"
"649","28"
"650","36"
"651","41"
"652","35"
"653","33"
"654","40"
"655","33"
"656","30"
"657","36"
"658","27"
"659","33"
"660","30"
"661","36"
"662","28"
"663","40"
"664","30"
"665","36"
"666","30"
"667","37"
"668","36"
"669","28"
"670","35"
"671","30"
"672","36"
"673","40"
"674","33"
"675","31"
"676","30"
"677","26"
"678","36"
"679","40"
"680","36"
"681","35"
"682","35"
"683","38"
"684","40"
"685","29"
"686","30"
"687","36"
"688","30"
"689","30"
"690","35"
"691","36"
"692","40"
"693","36"
"694","36"
"695","37"
"696","28"
"697","36"
"698","36"
"699","36"
"700","31"
"701","26"
"702","33"
"703","31"
"704","30"
"705","40"
"706","30"
"707","31"
"708","27"
"709","36"
"710","31"
"711","33"
"712","36"
"713","27"
"714","10"
"715","40"
"716","36"
"717","30"
"718","36"
"719","36"
"720","27"
"721","33"
"722","33"
"723","33"
"724","33"
"725","37"
"726","36"
"727","36"
"728","27"
"729","36"
"730","35"
"731","12"
"732","36"
"733","31"
"734","28"
"735","31"
"736","26"
"737","31"
"738","28"
"739","35"
"740","36"
"741","35"
"742","37"
"743","36"
"744","1"
"745","35"
"746","28"
"747","30"
"748","36"
"749","35"
"750","35"
"751","30"
"752","36"
"753","12"
"754","36"
"755","33"
"756","35"
"757","36"
"758","26"
"759","35"
"760","36"
"761","27"
"762","30"
"763","26"
"764","26"
"765","28"
"766","35"
"767","9"
"768","26"
"769","36"
"770","35"
"771","26"
"772","12"
"773","26"
"774","28"
"775","36"
"776","28"
"777","30"
"778","30"
"779","30"
"780","38"
"781","35"
"782","26"
"783","35"
"784","35"
"785","36"
"786","25"
"787","36"
"788","28"
"789","29"
"790","39"
"791","30"
"792","36"
"793","41"
"794","31"
"795","26"
"796","36"
"797","11"
"798","37"
"799","31"
"800","31"
"801","36"
"802","40"
"803","31"
"804","35"
"805","29"
"806","35"
"807","36"
"808","31"
"809","35"
"810","40"
"811","26"
"812","27"
"813","35"
"814","35"
"815","30"
"816","35"
"817","35"
"818","30"
"819","30"
"820","35"
"821","30"
"822","9"
"823","36"
"824","35"
"825","27"
"826","36"
"827","30"
"828","30"
"829","13"
"830","36"
"831","30"
"832","27"
"833","30"
"834","26"
"835","29"
"836","29"
"837","36"
"838","29"
"839","12"
"840","29"
"841","30"
"842","38"
"843","25"
"844","35"
"845","36"
"846","25"
"847","26"
"848","30"
"849","35"
"850","40"
"851","35"
"852","30"
"853","29"
"854","34"
"855","26"
"856","30"
"857","39"
"858","26"
"859","35"
"860","28"
"861","40"
"862","31"
"863","35"
"864","30"
"865","36"
"866","29"
"867","31"
"868","31"
"869","33"
"870","35"
"871","28"
"872","36"
"873","40"
"874","30"
"875","33"
"876","22"
"877","40"
"878","38"
"879","12"
"880","40"
"881","26"
"882","31"
"883","27"
"884","12"
"885","25"
"886","31"
"887","29"
"888","36"
"889","31"
"890","30"
"891","35"
"892","30"
"893","35"
"894","38"
"895","14"
"896","36"
"897","35"
"898","33"
"899","27"
"900","26"
"901","30"
"902","30"
"903","38"
"904","26"
"905","33"
"906","30"
"907","30"
"908","40"
"909","37"
"910","30"
"911","38"
"912","35"
"913","12"
"914","36"
"915","36"
"916","29"
"917","25"
"918","40"
"919","28"
"920","40"
"921","37"
"922","25"
"923","40"
"924","15"
"925","37"
"926","25"
"927","29"
"928","33"
"929","31"
"930","32"
"931","12"
"932","31"
"933","36"
"934","33"
"935","27"
"936","40"
"937","40"
"938","40"
"939","33"
"940","25"
"941","31"
"942","24"
"943","33"
"944","40"
"945","25"
"946","37"
"947","40"
"948","28"
"949","40"
"950","24"
"951","25"
"952","40"
"953","12"
"954","40"
"955","37"
"956","36"
"957","38"
"958","27"
"959","12"
"960","25"
"961","33"
"962","36"
"963","26"
"964","31"
"965","36"
"966","28"
"967","38"
"968","40"
"969","26"
"970","25"
"971","30"
"972","24"
"973","36"
"974","31"
"975","13"
"976","33"
"977","28"
"978","40"
"979","25"
"980","40"
"981","36"
"982","31"
"983","33"
"984","22"
"985","22"
"986","14"
"987","33"
"988","30"
"989","40"
"990","12"
"991","24"
"992","33"
"993","31"
"994","22"
"995","36"
"996","28"
"997","37"
"998","28"
"999","33"
"1000","10"
"1001","38"
"1002","36"
"1003","8"
"1004","33"
"1005","36"
"1006","40"
"1007","32"
"1008","40"
"1009","40"
"1010","37"
"1011","24"
"1012","37"
"1013","23"
"1014","30"
"1015","31"
"1016","40"
"1017","40"
"1018","40"
"1019","30"
"1020","40"
"1021","25"
"1022","25"
"1023","22"
"1024","28"
"1025","40"
"1026","21"
"1027","14"
"1028","30"
"1029","37"
"1030","33"
"1031","40"
"1032","31"
"1033","25"
"1034","24"
"1035","37"
"1036","40"
"1037","31"
"1038","30"
"1039","35"
"1040","36"
"1041","35"
"1042","29"
"1043","36"
"1044","27"
"1045","36"
"1046","36"
"1047","28"
"1048","35"
"1049","36"
"1050","35"
"1051","36"
"1052","28"
"1053","35"
"1054","31"
"1055","30"
"1056","30"
"1057","27"
"1058","36"
"1059","33"
"1060","38"
"1061","36"
"1062","36"
"1063","30"
"1064","30"
"1065","27"
"1066","36"
"1067","36"
"1068","30"
"1069","36"
"1070","36"
"1071","30"
"1072","12"
"1073","27"
"1074","30"
"1075","26"
"1076","32"
"1077","30"
"1078","37"
"1079","36"
"1080","33"
"1081","36"
"1082","30"
"1083","27"
"1084","28"
"1085","39"
"1086","38"
"1087","36"
"1088","27"
"1089","30"
"1090","30"
"1091","36"
"1092","36"
"1093","38"
"1094","30"
"1095","35"
"1096","36"
"1097","27"
"1098","36"
"1099","26"
"1100","35"
"1101","26"
"1102","27"
"1103","35"
"1104","33"
"1105","36"
"1106","30"
"1107","27"
"1108","27"
"1109","30"
"1110","27"
"1111","36"
"1112","36"
"1113","38"
"1114","30"
"1115","35"
"1116","30"
"1117","27"
"1118","33"
"1119","36"
"1120","28"
"1121","9"
"1122","29"
"1123","36"
"1124","36"
"1125","30"
"1126","27"
"1127","36"
"1128","38"
"1129","36"
"1130","40"
"1131","39"
"1132","31"
"1133","33"
"1134","36"
"1135","35"
"1136","35"
"1137","28"
"1138","30"
"1139","40"
"1140","26"
"1141","27"
"1142","35"
"1143","36"
"1144","39"
"1145","30"
"1146","14"
"1147","10"
"1148","27"
"1149","36"
"1150","35"
"1151","12"
"1152","27"
"1153","36"
"1154","36"
"1155","26"
"1156","36"
"1157","34"
"1158","30"
"1159","30"
"1160","38"
"1161","28"
"1162","25"
"1163","36"
"1164","30"
"1165","36"
"1166","28"
"1167","36"
"1168","27"
"1169","26"
"1170","31"
"1171","36"
"1172","38"
"1173","26"
"1174","40"
"1175","30"
"1176","30"
"1177","36"
"1178","14"
"1179","36"
"1180","30"
"1181","36"
"1182","10"
"1183","26"
"1184","26"
"1185","37"
"1186","38"
"1187","12"
"1188","30"
"1189","26"
"1190","30"
"1191","36"
"1192","36"
"1193","12"
"1194","36"
"1195","36"
"1196","30"
"1197","10"
"1198","27"
"1199","30"
"1200","39"
"1201","30"
"1202","32"
"1203","30"
"1204","10"
"1205","27"
"1206","25"
"1207","38"
"1208","36"
"1209","31"
"1210","36"
"1211","18"
"1212","19"
"1213","19"
"1214","16"
"1215","24"
"1216","19"
"1217","20"
"1218","19"
"1219","20"
"1220","20"
"1221","20"
"1222","16"
"1223","20"
"1224","24"
"1225","24"
"1226","17"
"1227","19"
"1228","19"
"1229","16"
"1230","20"
"1231","20"
"1232","25"
"1233","14"
"1234","19"
"1235","20"
"1236","17"
"1237","19"
"1238","19"
"1239","16"
"1240","17"
"1241","23"
"1242","17"
"1243","16"
"1244","19"
"1245","20"
"1246","23"
"1247","17"
"1248","17"
"1249","24"
"1250","19"
"1251","20"
"1252","20"
"1253","20"
"1254","18"
"1255","20"
"1256","20"
"1257","23"
"1258","24"
"1259","20"
"1260","20"
"1261","20"
"1262","20"
"1263","20"
"1264","19"
"1265","17"
"1266","19"
"1267","20"
"1268","16"
"1269","16"
"1270","20"
"1271","18"
"1272","17"
"1273","23"
"1274","20"
"1275","23"
"1276","16"
"1277","20"
"1278","20"
"1279","20"
"1280","23"
"1281","16"
"1282","24"
"1283","25"
"1284","20"
"1285","23"
"1286","24"
"1287","23"
"1288","20"
"1289","16"
"1290","17"
"1291","24"
"1292","20"
"1293","22"
"1294","16"
"1295","17"
"1296","17"
"1297","24"
"1298","20"
"1299","40"
"1300","24"
"1301","23"
"1302","17"
"1303","16"
"1304","18"
"1305","25"
"1306","16"
"1307","17"
"1308","25"
"1309","23"
"1310","40"
"1311","25"
"1312","24"
"1313","19"
"1314","17"
"1315","20"
"1316","20"
"1317","20"
"1318","17"
"1319","24"
"1320","25"
"1321","25"
"1322","17"
"1323","24"
"1324","20"
"1325","20"
"1326","20"
"1327","17"
"1328","16"
"1329","19"
"1330","24"
"1331","17"
"1332","18"
"1333","20"
"1334","20"
"1335","24"
"1336","40"
"1337","20"
"1338","18"
"1339","17"
"1340","20"
"1341","20"
"1342","20"
"1343","16"
"1344","17"
"1345","19"
"1346","18"
"1347","19"
"1348","20"
"1349","23"
"1350","16"
"1351","24"
"1352","16"
"1353","23"
"1354","16"
"1355","20"
"1356","23"
"1357","14"
"1358","17"
"1359","25"
"1360","23"
"1361","24"
"1362","22"
"1363","18"
"1364","18"
"1365","18"
"1366","17"
"1367","16"
"1368","23"
"1369","19"
"1370","20"
"1371","24"
"1372","20"
"1373","20"
"1374","23"
"1375","17"
"1376","24"
"1377","14"
"1378","17"
"1379","23"
"1380","16"
"1381","40"
"1382","19"
"1383","25"
"1384","25"
"1385","20"
"1386","24"
"1387","23"
"1388","19"
"1389","24"
"1390","24"
"1391","24"
"1392","16"
"1393","24"
"1394","24"
"1395","18"
"1396","14"
"1397","25"
"1398","19"
"1399","20"
"1400","19"
"1401","22"
"1402","20"
"1403","20"
"1404","20"
"1405","20"
"1406","25"
"1407","20"
"1408","18"
"1409","20"
"1410","17"
"1411","20"
"1412","20"
"1413","23"
"1414","19"
"1415","16"
"1416","20"
"1417","16"
"1418","20"
"1419","16"
"1420","20"
"1421","19"
"1422","20"
"1423","20"
"1424","20"
"1425","19"
"1426","20"
"1427","20"
"1428","16"
"1429","20"
"1430","24"
"1431","19"
"1432","19"
"1433","20"
"1434","20"
"1435","20"
"1436","20"
"1437","19"
"1438","23"
"1439","20"
"1440","20"
"1441","20"
"1442","20"
"1443","20"
"1444","23"
"1445","20"
"1446","20"
"1447","18"
"1448","23"
"1449","20"
"1450","18"
"1451","20"
"1452","20"
"1453","20"
"1454","17"
"1455","24"
"1456","23"
"1457","20"
"1458","20"
"1459","16"
"1460","20"
"1461","19"
"1462","18"
"1463","18"
"1464","20"
"1465","18"
"1466","20"
"1467","20"
"1468","20"
"1469","18"
"1470","24"
"1471","17"
"1472","19"
"1473","19"
"1474","19"
"1475","20"
"1476","24"
"1477","26"
"1478","40"
"1479","22"
"1480","25"
"1481","20"
"1482","14"
"1483","16"
"1484","20"
"1485","23"
"1486","17"
"1487","22"
"1488","17"
"1489","25"
"1490","24"
"1491","25"
"1492","25"
"1493","19"
"1494","17"
"1495","19"
"1496","20"
"1497","20"
"1498","17"
"1499","16"
"1500","20"
"1501","23"
"1502","19"
"1503","19"
"1504","20"
"1505","19"
"1506","18"
"1507","24"
"1508","20"
"1509","20"
"1510","19"
"1511","20"
"1512","20"
"1513","20"
"1514","20"
"1515","19"
"1516","20"
"1517","20"
"1518","18"
"1519","20"
"1520","20"
"1521","20"
"1522","20"
"1523","16"
"1524","20"
"1525","20"
"1526","18"
"1527","20"
"1528","20"
"1529","23"
"1530","23"
"1531","16"
"1532","20"
"1533","23"
"1534","20"
"1535","20"
"1536","20"
"1537","20"
"1538","16"
"1539","18"
"1540","17"
"1541","19"
"1542","22"
"1543","20"
"1544","20"
"1545","20"
"1546","20"
"1547","19"
"1548","18"
"1549","20"
"1550","20"
"1551","20"
"1552","20"
"1553","20"
"1554","20"
"1555","20"
"1556","16"
"1557","17"
"1558","20"
"1559","20"
"1560","16"
"1561","16"
"1562","20"
"1563","20"
"1564","16"
"1565","20"
"1566","17"
"1567","17"
"1568","19"
"1569","19"
"1570","20"
"1571","20"
"1572","19"
"1573","23"
"1574","25"
"1575","19"
"1576","18"
"1577","18"
"1578","16"
"1579","20"
"1580","17"
"1581","20"
"1582","16"
"1583","24"
"1584","16"
"1585","25"
"1586","25"
"1587","19"
"1588","24"
"1589","43"
"1590","8"
"1591","12"
"1592","2"
"1593","43"
"1594","12"
"1595","1"
"1596","6"
"1597","9"
"1598","43"
"1599","10"
"1600","10"
"1601","41"
"1602","1"
"1603","10"
"1604","1"
"1605","10"
"1606","3"
"1607","6"
"1608","1"
"1609","1"
"1610","9"
"1611","9"
"1612","3"
"1613","3"
"1614","2"
"1615","43"
"1616","41"
"1617","7"
"1618","12"
"1619","2"
"1620","9"
"1621","1"
"1622","2"
"1623","1"
"1624","2"
"1625","3"
"1626","6"
"1627","1"
"1628","11"
"1629","41"
"1630","6"
"1631","3"
"1632","9"
"1633","11"
"1634","8"
"1635","1"
"1636","3"
"1637","10"
"1638","1"
"1639","10"
"1640","10"
"1641","7"
"1642","8"
"1643","1"
"1644","3"
"1645","1"
"1646","9"
"1647","6"
"1648","1"
"1649","9"
"1650","9"
"1651","12"
"1652","7"
"1653","7"
"1654","11"
"1655","2"
"1656","6"
"1657","1"
"1658","1"
"1659","1"
"1660","3"
"1661","10"
"1662","9"
"1663","1"
"1664","1"
"1665","7"
"1666","3"
"1667","1"
"1668","6"
"1669","7"
"1670","10"
"1671","10"
"1672","9"
"1673","3"
"1674","1"
"1675","9"
"1676","2"
"1677","1"
"1678","1"
"1679","10"
"1680","12"
"1681","1"
"1682","1"
"1683","2"
"1684","11"
"1685","12"
"1686","10"
"1687","2"
"1688","2"
"1689","41"
"1690","8"
"1691","3"
"1692","1"
"1693","41"
"1694","4"
"1695","10"
"1696","11"
"1697","10"
"1698","10"
"1699","5"
"1700","27"
"1701","10"
"1702","4"
"1703","2"
"1704","1"
"1705","10"
"1706","43"
"1707","8"
"1708","4"
"1709","43"
"1710","9"
"1711","10"
"1712","2"
"1713","3"
"1714","2"
"1715","41"
"1716","43"
"1717","1"
"1718","10"
"1719","41"
"1720","10"
"1721","9"
"1722","10"
"1723","2"
"1724","41"
"1725","2"
"1726","43"
"1727","9"
"1728","3"
"1729","10"
"1730","10"
"1731","1"
"1732","10"
"1733","5"
"1734","10"
"1735","2"
"1736","10"
"1737","1"
"1738","10"
"1739","11"
"1740","10"
"1741","10"
"1742","11"
"1743","1"
"1744","10"
"1745","1"
"1746","9"
"1747","1"
"1748","1"
"1749","1"
"1750","41"
"1751","10"
"1752","1"
"1753","10"
"1754","1"
"1755","9"
"1756","41"
"1757","12"
"1758","10"
"1759","1"
"1760","1"
"1761","1"
"1762","10"
"1763","10"
"1764","3"
"1765","6"
"1766","1"
"1767","10"
"1768","10"
"1769","1"
"1770","9"
"1771","10"
"1772","3"
"1773","4"
"1774","12"
"1775","10"
"1776","3"
"1777","42"
"1778","3"
"1779","5"
"1780","4"
"1781","43"
"1782","3"
"1783","1"
"1784","6"
"1785","41"
"1786","2"
"1787","1"
"1788","4"
"1789","1"
"1790","10"
"1791","10"
"1792","12"
"1793","41"
"1794","6"
"1795","10"
"1796","5"
"1797","5"
"1798","12"
"1799","10"
"1800","1"
"1801","10"
"1802","10"
"1803","4"
"1804","3"
"1805","3"
"1806","1"
"1807","45"
"1808","41"
"1809","42"
"1810","43"
"1811","5"
"1812","1"
"1813","2"
"1814","1"
"1815","10"
"1816","5"
"1817","1"
"1818","43"
"1819","1"
"1820","4"
"1821","9"
"1822","4"
"1823","11"
"1824","8"
"1825","6"
"1826","11"
"1827","10"
"1828","8"
"1829","1"
"1830","8"
"1831","1"
"1832","3"
"1833","10"
"1834","6"
"1835","6"
"1836","43"
"1837","11"
"1838","6"
"1839","2"
"1840","2"
"1841","10"
"1842","12"
"1843","10"
"1844","44"
"1845","1"
"1846","43"
"1847","8"
"1848","43"
"1849","3"
"1850","9"
"1851","1"
"1852","9"
"1853","10"
"1854","12"
"1855","5"
"1856","43"
"1857","43"
"1858","1"
"1859","11"
"1860","10"
"1861","1"
"1862","1"
"1863","10"
"1864","1"
"1865","2"
"1866","10"
"1867","10"
"1868","27"
"1869","6"
"1870","10"
"1871","43"
"1872","27"
"1873","8"
"1874","1"
"1875","43"
"1876","10"
"1877","1"
"1878","10"
"1879","43"
"1880","1"
"1881","10"
"1882","42"
"1883","2"
"1884","8"
"1885","11"
"1886","3"
"1887","6"
"1888","2"
"1889","43"
"1890","12"
"1891","9"
"1892","3"
"1893","42"
"1894","10"
"1895","10"
"1896","10"
"1897","8"
"1898","1"
"1899","1"
"1900","8"
"1901","1"
"1902","9"
"1903","10"
"1904","10"
"1905","5"
"1906","11"
"1907","8"
"1908","1"
"1909","4"
"1910","10"
"1911","10"
"1912","42"
"1913","5"
"1914","10"
"1915","1"
"1916","3"
"1917","1"
"1918","3"
"1919","10"
"1920","12"
"1921","10"
"1922","8"
"1923","41"
"1924","43"
"1925","10"
"1926","10"
"1927","1"
"1928","41"
"1929","3"
"1930","10"
"1931","8"
"1932","3"
"1933","8"
"1934","10"
"1935","10"
"1936","1"
"1937","1"
"1938","10"
"1939","10"
"1940","10"
"1941","10"
"1942","1"
"1943","2"
"1944","33"
"1945","1"
"1946","1"
"1947","3"
"1948","2"
"1949","40"
"1950","2"
"1951","44"
"1952","36"
"1953","11"
"1954","22"
"1955","1"
"1956","12"
"1957","26"
"1958","10"
"1959","2"
"1960","30"
"1961","40"
"1962","28"
"1963","32"
"1964","1"
"1965","40"
"1966","3"
"1967","36"
"1968","10"
"1969","10"
"1970","2"
"1971","29"
"1972","10"
"1973","30"
"1974","8"
"1975","41"
"1976","1"
"1977","43"
"1978","5"
"1979","12"
"1980","1"
"1981","2"
"1982","40"
"1983","40"
"1984","3"
"1985","7"
"1986","42"
"1987","28"
"1988","3"
"1989","2"
"1990","22"
"1991","10"
"1992","3"
"1993","36"
"1994","12"
"1995","10"
"1996","3"
"1997","8"
"1998","35"
"1999","1"
"2000","29"
"2001","2"
"2002","12"
"2003","6"
"2004","32"
"2005","14"
"2006","1"
"2007","1"
"2008","2"
"2009","34"
"2010","11"
"2011","8"
"2012","26"
"2013","14"
"2014","29"
"2015","42"
"2016","26"
"2017","30"
"2018","2"
"2019","33"
"2020","27"
"2021","42"
"2022","43"
"2023","36"
"2024","1"
"2025","36"
"2026","8"
"2027","2"
"2028","33"
"2029","36"
"2030","40"
"2031","36"
"2032","3"
"2033","25"
"2034","2"
"2035","1"
"2036","40"
"2037","1"
"2038","9"
"2039","33"
"2040","36"
"2041","12"
"2042","10"
"2043","42"
"2044","12"
"2045","36"
"2046","5"
"2047","12"
"2048","2"
"2049","28"
"2050","11"
"2051","26"
"2052","12"
"2053","2"
"2054","2"
"2055","28"
"2056","2"
"2057","2"
"2058","44"
"2059","45"
"2060","11"
"2061","40"
"2062","10"
"2063","45"
"2064","42"
"2065","2"
"2066","12"
"2067","30"
"2068","25"
"2069","32"
"2070","45"
"2071","31"
"2072","2"
"2073","1"
"2074","10"
"2075","2"
"2076","41"
"2077","44"
"2078","26"
"2079","10"
"2080","31"
"2081","12"
"2082","2"
"2083","3"
"2084","12"
"2085","1"
"2086","30"
"2087","2"
"2088","1"
"2089","2"
"2090","14"
"2091","3"
"2092","29"
"2093","2"
"2094","12"
"2095","1"
"2096","12"
"2097","36"
"2098","36"
"2099","31"
"2100","2"
"2101","2"
"2102","28"
"2103","26"
"2104","1"
"2105","10"
"2106","28"
"2107","28"
"2108","1"
"2109","45"
"2110","1"
"2111","31"
"2112","12"
"2113","3"
"2114","12"
"2115","12"
"2116","6"
"2117","11"
"2118","35"
"2119","28"
"2120","41"
"2121","3"
"2122","31"
"2123","28"
"2124","27"
"2125","6"
"2126","3"
"2127","1"
"2128","44"
"2129","25"
"2130","1"
"2131","2"
"2132","1"
"2133","2"
"2134","10"
"2135","25"
"2136","26"
"2137","12"
"2138","1"
"2139","1"
"2140","2"
"2141","1"
"2142","1"
"2143","2"
"2144","30"
"2145","45"
"2146","45"
"2147","29"
"2148","12"
"2149","36"
"2150","10"
"2151","1"
"2152","2"
"2153","12"
"2154","45"
"2155","12"
"2156","11"
"2157","24"
"2158","2"
"2159","2"
"2160","27"
"2161","38"
"2162","28"
"2163","2"
"2164","3"
"2165","43"
"2166","45"
"2167","25"
"2168","1"
"2169","12"
"2170","27"
"2171","33"
"2172","4"
"2173","31"
"2174","36"
"2175","26"
"2176","1"
"2177","1"
"2178","2"
"2179","31"
"2180","2"
"2181","3"
"2182","8"
"2183","40"
"2184","40"
"2185","25"
"2186","6"
"2187","2"
"2188","22"
"2189","45"
"2190","45"
"2191","2"
"2192","41"
"2193","42"
"2194","36"
"2195","41"
"2196","2"
"2197","3"
"2198","6"
"2199","8"
"2200","10"
"2201","36"
"2202","45"
"2203","2"
"2204","10"
"2205","2"
"2206","10"
"2207","1"
"2208","35"
"2209","28"
"2210","24"
"2211","3"
"2212","25"
"2213","45"
"2214","4"
"2215","41"
"2216","2"
"2217","2"
"2218","3"
"2219","2"
"2220","1"
"2221","41"
"2222","2"
"2223","22"
"2224","3"
"2225","2"
"2226","10"
"2227","2"
"2228","1"
"2229","28"
"2230","1"
"2231","2"
"2232","3"
"2233","30"
"2234","3"
"2235","5"
"2236","12"
"2237","31"
"2238","36"
"2239","1"
"2240","36"
"2241","1"
"2242","36"
"2243","36"
"2244","36"
"2245","27"
"2246","36"
"2247","36"
"2248","36"
"2249","26"
"2250","36"
"2251","1"
"2252","27"
"2253","35"
"2254","36"
"2255","2"
"2256","36"
"2257","36"
"2258","36"
"2259","36"
"2260","36"
"2261","36"
"2262","36"
"2263","36"
"2264","26"
"2265","36"
"2266","36"
"2267","36"
"2268","35"
"2269","33"
"2270","36"
"2271","36"
"2272","36"
"2273","36"
"2274","36"
"2275","36"
"2276","36"
"2277","36"
"2278","36"
"2279","30"
"2280","36"
"2281","36"
"2282","9"
"2283","36"
"2284","36"
"2285","36"
"2286","36"
"2287","36"
"2288","36"
"2289","40"
"2290","27"
"2291","36"
"2292","36"
"2293","36"
"2294","35"
"2295","12"
"2296","29"
"2297","31"
"2298","1"
"2299","43"
"2300","1"
"2301","36"
"2302","36"
"2303","36"
"2304","36"
"2305","36"
"2306","33"
"2307","36"
"2308","2"
"2309","36"
"2310","36"
"2311","27"
"2312","36"
"2313","30"
"2314","36"
"2315","36"
"2316","36"
"2317","36"
"2318","36"
"2319","36"
"2320","31"
"2321","36"
"2322","35"
"2323","29"
"2324","38"
"2325","31"
"2326","36"
"2327","36"
"2328","36"
"2329","40"
"2330","36"
"2331","36"
"2332","30"
"2333","1"
"2334","29"
"2335","36"
"2336","35"
"2337","38"
"2338","36"
"2339","33"
"2340","36"
"2341","36"
"2342","36"
"2343","36"
"2344","36"
"2345","3"
"2346","29"
"2347","30"
"2348","1"
"2349","36"
"2350","35"
"2351","36"
"2352","36"
"2353","36"
"2354","36"
"2355","28"
"2356","36"
"2357","1"
"2358","1"
"2359","36"
"2360","36"
"2361","36"
"2362","36"
"2363","36"
"2364","27"
"2365","1"
"2366","36"
"2367","36"
"2368","36"
"2369","38"
"2370","30"
"2371","2"
"2372","36"
"2373","1"
"2374","36"
"2375","35"
"2376","36"
"2377","36"
"2378","36"
"2379","36"
"2380","40"
"2381","36"
"2382","36"
"2383","36"
"2384","36"
"2385","36"
"2386","36"
"2387","30"
"2388","27"
"2389","36"
"2390","2"
"2391","37"
"2392","40"
"2393","35"
"2394","36"
"2395","36"
"2396","36"
"2397","36"
"2398","30"
"2399","36"
"2400","36"
"2401","1"
"2402","33"
"2403","9"
"2404","36"
"2405","36"
"2406","36"
"2407","30"
"2408","36"
"2409","36"
"2410","36"
"2411","36"
"2412","36"
"2413","3"
"2414","36"
"2415","36"
"2416","36"
"2417","40"
"2418","36"
"2419","30"
"2420","36"
"2421","1"
"2422","36"
"2423","36"
"2424","36"
"2425","36"
"2426","36"
"2427","33"
"2428","40"
"2429","36"
"2430","36"
"2431","35"
"2432","36"
"2433","38"
"2434","36"
"2435","36"
"2436","36"
"2437","36"
"2438","29"
"2439","9"
"2440","36"
"2441","36"
"2442","36"
"2443","38"
"2444","36"
"2445","36"
"2446","36"
"2447","36"
"2448","36"
"2449","36"
"2450","36"
"2451","1"
"2452","11"
"2453","36"
"2454","28"
"2455","33"
"2456","36"
"2457","36"
"2458","36"
"2459","30"
"2460","2"
"2461","1"
"2462","31"
"2463","35"
"2464","36"
"2465","10"
"2466","6"
"2467","3"
"2468","8"
"2469","1"
"2470","1"
"2471","45"
"2472","4"
"2473","6"
"2474","7"
"2475","8"
"2476","8"
"2477","9"
"2478","2"
"2479","45"
"2480","10"
"2481","1"
"2482","41"
"2483","3"
"2484","4"
"2485","2"
"2486","11"
"2487","10"
"2488","8"
"2489","10"
"2490","10"
"2491","2"
"2492","9"
"2493","44"
"2494","3"
"2495","1"
"2496","3"
"2497","45"
"2498","2"
"2499","10"
"2500","1"
"2501","10"
"2502","1"
"2503","6"
"2504","2"
"2505","8"
"2506","10"
"2507","2"
"2508","1"
"2509","3"
"2510","10"
"2511","6"
"2512","8"
"2513","10"
"2514","4"
"2515","1"
"2516","42"
"2517","10"
"2518","3"
"2519","3"
"2520","43"
"2521","1"
"2522","2"
"2523","5"
"2524","1"
"2525","3"
"2526","10"
"2527","1"
"2528","41"
"2529","1"
"2530","2"
"2531","41"
"2532","9"
"2533","1"
"2534","41"
"2535","42"
"2536","1"
"2537","2"
"2538","45"
"2539","43"
"2540","41"
"2541","8"
"2542","12"
"2543","1"
"2544","11"
"2545","11"
"2546","9"
"2547","7"
"2548","1"
"2549","3"
"2550","10"
"2551","2"
"2552","10"
"2553","5"
"2554","9"
"2555","4"
"2556","3"
"2557","10"
"2558","3"
"2559","1"
"2560","5"
"2561","7"
"2562","3"
"2563","10"
"2564","4"
"2565","10"
"2566","3"
"2567","1"
"2568","45"
"2569","3"
"2570","4"
"2571","2"
"2572","45"
"2573","10"
"2574","4"
"2575","10"
"2576","1"
"2577","1"
"2578","41"
"2579","44"
"2580","5"
"2581","6"
"2582","11"
"2583","9"
"2584","6"
"2585","42"
"2586","11"
"2587","7"
"2588","10"
"2589","3"
"2590","41"
"2591","10"
"2592","10"
"2593","2"
"2594","11"
"2595","10"
"2596","2"
"2597","2"
"2598","41"
"2599","10"
"2600","45"
"2601","41"
"2602","2"
"2603","42"
"2604","42"
"2605","6"
"2606","1"
"2607","2"
"2608","5"
"2609","10"
"2610","1"
"2611","3"
"2612","7"
"2613","10"
"2614","11"
"2615","6"
"2616","42"
"2617","42"
"2618","22"
"2619","23"
"2620","14"
"2621","17"
"2622","20"
"2623","17"
"2624","22"
"2625","13"
"2626","17"
"2627","22"
"2628","23"
"2629","20"
"2630","22"
"2631","20"
"2632","24"
"2633","17"
"2634","17"
"2635","18"
"2636","22"
"2637","20"
"2638","23"
"2639","23"
"2640","23"
"2641","17"
"2642","22"
"2643","14"
"2644","23"
"2645","16"
"2646","23"
"2647","22"
"2648","22"
"2649","26"
"2650","17"
"2651","18"
"2652","23"
"2653","17"
"2654","19"
"2655","22"
"2656","23"
"2657","12"
"2658","24"
"2659","22"
"2660","17"
"2661","18"
"2662","18"
"2663","14"
"2664","14"
"2665","17"
"2666","17"
"2667","18"
"2668","18"
"2669","24"
"2670","23"
"2671","17"
"2672","14"
"2673","23"
"2674","22"
"2675","22"
"2676","20"
"2677","18"
"2678","22"
"2679","17"
"2680","12"
"2681","22"
"2682","14"
"2683","23"
"2684","23"
"2685","22"
"2686","23"
"2687","22"
"2688","22"
"2689","14"
"2690","14"
"2691","19"
"2692","20"
"2693","17"
"2694","22"
"2695","17"
"2696","14"
"2697","22"
"2698","17"
"2699","22"
"2700","14"
"2701","22"
"2702","22"
"2703","22"
"2704","25"
"2705","26"
"2706","25"
"2707","25"
"2708","14"
"2709","13"
"2710","14"
"2711","25"
"2712","22"
"2713","22"
"2714","14"
"2715","14"
"2716","26"
"2717","22"
"2718","14"
"2719","14"
"2720","14"
"2721","14"
"2722","24"
"2723","22"
"2724","26"
"2725","14"
"2726","25"
"2727","14"
"2728","14"
"2729","18"
"2730","21"
"2731","14"
"2732","14"
"2733","24"
"2734","28"
"2735","28"
"2736","22"
"2737","22"
"2738","22"
"2739","20"
"2740","24"
"2741","22"
"2742","26"
"2743","14"
"2744","22"
"2745","20"
"2746","20"
"2747","22"
"2748","17"
"2749","23"
"2750","13"
"2751","22"
"2752","22"
"2753","23"
"2754","16"
"2755","19"
"2756","22"
"2757","22"
"2758","23"
"2759","17"
"2760","18"
"2761","22"
"2762","19"
"2763","23"
"2764","17"
"2765","14"
"2766","12"
"2767","12"
"2768","22"
"2769","18"
"2770","17"
"2771","23"
"2772","18"
"2773","16"
"2774","22"
"2775","14"
"2776","22"
"2777","16"
"2778","23"
"2779","20"
"2780","23"
"2781","18"
"2782","14"
"2783","14"
"2784","22"
"2785","23"
"2786","22"
"2787","23"
"2788","22"
"2789","18"
"2790","25"
"2791","25"
"2792","12"
"2793","16"
"2794","22"
"2795","20"
"2796","20"
"2797","16"
"2798","24"
"2799","12"
"2800","26"
"2801","23"
"2802","27"
"2803","23"
"2804","18"
"2805","23"
"2806","24"
"2807","17"
"2808","24"
"2809","18"
"2810","20"
"2811","23"
"2812","17"
"2813","23"
"2814","23"
"2815","23"
"2816","17"
"2817","20"
"2818","17"
"2819","23"
"2820","18"
"2821","22"
"2822","26"
"2823","17"
"2824","17"
"2825","18"
"2826","20"
"2827","23"
"2828","22"
"2829","22"
"2830","14"
"2831","14"
"2832","18"
"2833","20"
"2834","23"
"2835","14"
"2836","17"
"2837","16"
"2838","22"
"2839","22"
"2840","22"
"2841","17"
"2842","20"
"2843","18"
"2844","16"
"2845","22"
"2846","20"
"2847","17"
"2848","21"
"2849","23"
"2850","18"
"2851","18"
"2852","23"
"2853","20"
"2854","22"
"2855","22"
"2856","23"
"2857","24"
"2858","16"
"2859","14"
"2860","23"
"2861","14"
"2862","22"
"2863","18"
"2864","22"
"2865","17"
"2866","16"
"2867","20"
"2868","23"
"2869","17"
"2870","22"
"2871","18"
"2872","22"
"2873","23"
"2874","22"
"2875","22"
"2876","17"
"2877","17"
"2878","12"
"2879","26"
"2880","12"
"2881","20"
"2882","14"
"2883","23"
"2884","22"
"2885","22"
"2886","23"
"2887","12"
"2888","24"
"2889","12"
"2890","18"
"2891","25"
"2892","22"
"2893","23"
"2894","25"
"2895","26"
"2896","20"
"2897","17"
"2898","26"
"2899","16"
"2900","14"
"2901","17"
"2902","25"
"2903","23"
"2904","28"
"2905","20"
"2906","22"
"2907","17"
"2908","17"
"2909","22"
"2910","17"
"2911","22"
"2912","22"
"2913","22"
"2914","22"
"2915","17"
"2916","17"
"2917","23"
"2918","16"
"2919","17"
"2920","20"
"2921","18"
"2922","23"
"2923","22"
"2924","23"
"2925","22"
"2926","22"
"2927","18"
"2928","19"
"2929","23"
"2930","22"
"2931","20"
"2932","17"
"2933","20"
"2934","23"
"2935","20"
"2936","23"
"2937","20"
"2938","23"
"2939","22"
"2940","17"
"2941","20"
"2942","22"
"2943","22"
"2944","20"
"2945","14"
"2946","22"
"2947","23"
"2948","23"
"2949","19"
"2950","22"
"2951","17"
"2952","20"
"2953","22"
"2954","22"
"2955","14"
"2956","23"
"2957","22"
"2958","41"
"2959","23"
"2960","20"
"2961","22"
"2962","20"
"2963","23"
"2964","18"
"2965","14"
"2966","23"
"2967","18"
"2968","22"
"2969","17"
"2970","20"
"2971","22"
"2972","22"
"2973","22"
"2974","18"
"2975","22"
"2976","12"
"2977","22"
"2978","14"
"2979","22"
"2980","23"
"2981","22"
"2982","22"
"2983","25"
"2984","22"
"2985","22"
"2986","23"
"2987","24"
"2988","22"
"2989","22"
"2990","12"
"2991","25"
"2992","22"
"2993","22"
"2994","25"
"2995","26"
"2996","24"
"2997","26"
"2998","26"
"2999","14"
"3000","14"
"3001","23"
"3002","22"
"3003","17"
"3004","13"
"3005","23"
"3006","22"
"3007","14"
"3008","22"
"3009","22"
"3010","22"
"3011","23"
"3012","17"
"3013","17"
"3014","14"
"3015","24"
"3016","22"
"3017","23"
"3018","20"
"3019","25"
"3020","20"
"3021","20"
"3022","12"
"3023","23"
"3024","20"
"3025","18"
"3026","23"
"3027","22"
"3028","20"
"3029","20"
"3030","23"
"3031","22"
"3032","25"
"3033","23"
"3034","23"
"3035","20"
"3036","22"
"3037","22"
"3038","14"
"3039","22"
"3040","20"
"3041","23"
"3042","22"
"3043","14"
"3044","22"
"3045","22"
"3046","16"
"3047","22"
"3048","17"
"3049","22"
"3050","22"
"3051","17"
"3052","20"
"3053","22"
"3054","22"
"3055","23"
"3056","22"
"3057","41"
"3058","14"
"3059","22"
"3060","22"
"3061","25"
"3062","25"
"3063","14"
"3064","23"
"3065","28"
"3066","26"
"3067","12"
"3068","12"
"3069","25"
"3070","16"
"3071","26"
"3072","26"
"3073","12"
"3074","21"
"3075","14"
"3076","22"
"3077","23"
"3078","12"
"3079","12"
"3080","12"
"3081","28"
"3082","12"
"3083","25"
"3084","25"
"3085","25"
"3086","26"
"3087","14"
"3088","14"
"3089","14"
"3090","17"
"3091","22"
"3092","14"
"3093","22"
"3094","24"
"3095","14"
"3096","26"
"3097","25"
"3098","25"
"3099","26"
"3100","17"
"3101","26"
"3102","12"
"3103","12"
"3104","15"
"3105","20"
"3106","12"
"3107","27"
"3108","12"
"3109","14"
"3110","22"
"3111","12"
"3112","25"
"3113","20"
"3114","23"
"3115","22"
"3116","14"
"3117","22"
"3118","17"
"3119","22"
"3120","22"
"3121","14"
"3122","26"
"3123","22"
"3124","22"
"3125","23"
"3126","41"
"3127","22"
"3128","17"
"3129","14"
"3130","22"
"3131","22"
"3132","23"
"3133","14"
"3134","14"
"3135","14"
"3136","16"
"3137","22"
"3138","17"
"3139","22"
"3140","22"
"3141","20"
"3142","24"
"3143","23"
"3144","22"
"3145","23"
"3146","22"
"3147","22"
"3148","20"
"3149","23"
"3150","14"
"3151","22"
"3152","22"
"3153","20"
"3154","14"
"3155","20"
"3156","22"
"3157","25"
"3158","22"
"3159","22"
"3160","22"
"3161","25"
"3162","25"
"3163","22"
"3164","26"
"3165","12"
"3166","14"
"3167","14"
"3168","14"
"3169","14"
"3170","25"
"3171","12"
"3172","26"
"3173","25"
"3174","25"
"3175","22"
"3176","12"
"3177","12"
"3178","12"
"3179","26"
"3180","17"
"3181","26"
"3182","26"
"3183","23"
"3184","14"
"3185","26"
"3186","12"
"3187","22"
"3188","26"
"3189","12"
"3190","22"
"3191","26"
"3192","23"
"3193","26"
"3194","26"
"3195","24"
"3196","22"
"3197","14"
"3198","29"
"3199","12"
"3200","12"
"3201","26"
"3202","17"
"3203","12"
"3204","22"
"3205","25"
"3206","26"
"3207","14"
"3208","13"
"3209","26"
"3210","14"
"3211","28"
"3212","12"
"3213","40"
"3214","20"
"3215","12"
"3216","22"
"3217","20"
"3218","26"
"3219","14"
"3220","14"
"3221","14"
"3222","25"
"3223","26"
"3224","22"
"3225","28"
"3226","25"
"3227","13"
"3228","26"
"3229","24"
"3230","25"
"3231","25"
"3232","22"
"3233","14"
"3234","14"
"3235","26"
"3236","25"
"3237","25"
"3238","26"
"3239","14"
"3240","25"
"3241","14"
"3242","14"
"3243","1"
"3244","9"
"3245","3"
"3246","3"
"3247","9"
"3248","10"
"3249","1"
"3250","11"
"3251","2"
"3252","10"
"3253","41"
"3254","2"
"3255","2"
"3256","41"
"3257","2"
"3258","9"
"3259","3"
"3260","3"
"3261","12"
"3262","10"
"3263","3"
"3264","6"
"3265","3"
"3266","10"
"3267","1"
"3268","41"
"3269","5"
"3270","1"
"3271","2"
"3272","6"
"3273","11"
"3274","3"
"3275","2"
"3276","1"
"3277","42"
"3278","2"
"3279","2"
"3280","6"
"3281","10"
"3282","11"
"3283","3"
"3284","2"
"3285","6"
"3286","2"
"3287","6"
"3288","2"
"3289","7"
"3290","41"
"3291","2"
"3292","11"
"3293","8"
"3294","10"
"3295","10"
"3296","9"
"3297","12"
"3298","5"
"3299","10"
"3300","10"
"3301","8"
"3302","1"
"3303","9"
"3304","5"
"3305","10"
"3306","2"
"3307","2"
"3308","3"
"3309","1"
"3310","3"
"3311","42"
"3312","42"
"3313","1"
"3314","3"
"3315","8"
"3316","3"
"3317","45"
"3318","6"
"3319","3"
"3320","44"
"3321","10"
"3322","10"
"3323","3"
"3324","45"
"3325","10"
"3326","42"
"3327","6"
"3328","12"
"3329","43"
"3330","2"
"3331","8"
"3332","44"
"3333","6"
"3334","22"
"3335","10"
"3336","5"
"3337","41"
"3338","5"
"3339","7"
"3340","42"
"3341","12"
"3342","2"
"3343","1"
"3344","2"
"3345","12"
"3346","3"
"3347","42"
"3348","10"
"3349","2"
"3350","2"
"3351","45"
"3352","42"
"3353","12"
"3354","3"
"3355","10"
"3356","10"
"3357","44"
"3358","10"
"3359","10"
"3360","12"
"3361","3"
"3362","41"
"3363","3"
"3364","10"
"3365","42"
"3366","8"
"3367","10"
"3368","4"
"3369","10"
"3370","10"
"3371","11"
"3372","42"
"3373","44"
"3374","10"
"3375","2"
"3376","10"
"3377","10"
"3378","42"
"3379","1"
"3380","11"
"3381","1"
"3382","41"
"3383","7"
"3384","5"
"3385","10"
"3386","5"
"3387","45"
"3388","10"
"3389","2"
"3390","2"
"3391","4"
"3392","41"
"3393","41"
"3394","10"
"3395","42"
"3396","3"
"3397","44"
"3398","42"
"3399","10"
"3400","42"
"3401","41"
"3402","3"
"3403","10"
"3404","42"
"3405","1"
"3406","45"
"3407","2"
"3408","5"
"3409","1"
"3410","41"
"3411","45"
"3412","45"
"3413","7"
"3414","42"
"3415","41"
"3416","10"
"3417","11"
"3418","44"
"3419","10"
"3420","2"
"3421","10"
"3422","45"
"3423","10"
"3424","42"
"3425","5"
"3426","8"
"3427","45"
"3428","5"
"3429","42"
"3430","42"
"3431","42"
"3432","10"
"3433","42"
"3434","42"
"3435","11"
"3436","4"
"3437","11"
"3438","8"
"3439","9"
"3440","10"
"3441","10"
"3442","7"
"3443","42"
"3444","45"
"3445","2"
"3446","42"
"3447","3"
"3448","42"
"3449","42"
"3450","42"
"3451","3"
"3452","5"
"3453","6"
"3454","41"
"3455","5"
"3456","11"
"3457","3"
"3458","45"
"3459","41"
"3460","42"
"3461","10"
"3462","2"
"3463","1"
"3464","12"
"3465","3"
"3466","12"
"3467","1"
"3468","1"
"3469","1"
"3470","1"
"3471","10"
"3472","1"
"3473","10"
"3474","3"
"3475","3"
"3476","3"
"3477","8"
"3478","1"
"3479","42"
"3480","45"
"3481","10"
"3482","1"
"3483","42"
"3484","1"
"3485","11"
"3486","3"
"3487","1"
"3488","3"
"3489","9"
"3490","41"
"3491","1"
"3492","10"
"3493","3"
"3494","2"
"3495","1"
"3496","9"
"3497","41"
"3498","1"
"3499","3"
"3500","1"
"3501","8"
"3502","10"
"3503","5"
"3504","6"
"3505","10"
"3506","10"
"3507","41"
"3508","41"
"3509","5"
"3510","42"
"3511","1"
"3512","10"
"3513","2"
"3514","10"
"3515","12"
"3516","41"
"3517","10"
"3518","10"
"3519","10"
"3520","3"
"3521","5"
"3522","10"
"3523","10"
"3524","45"
"3525","42"
"3526","42"
"3527","3"
"3528","41"
"3529","10"
"3530","5"
"3531","10"
"3532","4"
"3533","10"
"3534","10"
"3535","41"
"3536","10"
"3537","42"
"3538","10"
"3539","11"
"3540","10"
"3541","44"
"3542","2"
"3543","41"
"3544","10"
"3545","2"
"3546","10"
"3547","11"
"3548","11"
"3549","10"
"3550","10"
"3551","6"
"3552","3"
"3553","10"
"3554","10"
"3555","12"
"3556","1"
"3557","42"
"3558","4"
"3559","9"
"3560","1"
"3561","10"
"3562","6"
"3563","3"
"3564","41"
"3565","8"
"3566","10"
"3567","4"
"3568","2"
"3569","45"
"3570","1"
"3571","42"
"3572","42"
"3573","10"
"3574","10"
"3575","3"
"3576","5"
"3577","1"
"3578","3"
"3579","42"
"3580","1"
"3581","45"
"3582","41"
"3583","42"
"3584","41"
"3585","10"
"3586","3"
"3587","42"
"3588","10"
"3589","3"
"3590","1"
"3591","7"
"3592","42"
"3593","43"
"3594","10"
"3595","7"
"3596","5"
"3597","2"
"3598","3"
"3599","11"
"3600","10"
"3601","10"
"3602","10"
"3603","10"
"3604","7"
"3605","3"
"3606","2"
"3607","10"
"3608","44"
"3609","41"
"3610","3"
"3611","42"
"3612","10"
"3613","10"
"3614","10"
"3615","44"
"3616","1"
"3617","3"
"3618","45"
"3619","3"
"3620","10"
"3621","7"
"3622","3"
"3623","45"
"3624","5"
"3625","10"
"3626","2"
"3627","3"
"3628","42"
"3629","42"
"3630","12"
"3631","1"
"3632","3"
"3633","2"
"3634","42"
"3635","1"
"3636","2"
"3637","42"
"3638","10"
"3639","42"
"3640","1"
"3641","5"
"3642","12"
"3643","5"
"3644","8"
"3645","5"
"3646","41"
"3647","8"
"3648","3"
"3649","10"
"3650","41"
"3651","5"
"3652","42"
"3653","10"
"3654","10"
"3655","5"
"3656","44"
"3657","43"
"3658","5"
"3659","5"
"3660","3"
"3661","11"
"3662","41"
"3663","10"
"3664","2"
"3665","11"
"3666","4"
"3667","42"
"3668","45"
"3669","11"
"3670","11"
"3671","3"
"3672","42"
"3673","42"
"3674","10"
"3675","45"
"3676","6"
"3677","3"
"3678","2"
"3679","7"
"3680","10"
"3681","2"
"3682","10"
"3683","42"
"3684","11"
"3685","45"
"3686","10"
"3687","8"
"3688","44"
"3689","41"
"3690","10"
"3691","2"
"3692","9"
"3693","10"
"3694","7"
"3695","45"
"3696","42"
"3697","43"
"3698","4"
"3699","41"
"3700","27"
"3701","8"
"3702","1"
"3703","45"
"3704","45"
"3705","10"
"3706","42"
"3707","10"
"3708","10"
"3709","8"
"3710","44"
"3711","10"
"3712","42"
"3713","45"
"3714","42"
"3715","44"
"3716","3"
"3717","10"
"3718","8"
"3719","3"
"3720","42"
"3721","22"
"3722","10"
"3723","10"
"3724","2"
"3725","10"
"3726","41"
"3727","2"
"3728","10"
"3729","10"
"3730","10"
"3731","1"
"3732","7"
"3733","10"
"3734","2"
"3735","2"
"3736","2"
"3737","42"
"3738","43"
"3739","3"
"3740","10"
"3741","10"
"3742","42"
"3743","11"
"3744","8"
"3745","42"
"3746","4"
"3747","7"
"3748","42"
"3749","41"
"3750","10"
"3751","7"
"3752","42"
"3753","1"
"3754","10"
"3755","10"
"3756","11"
"3757","1"
"3758","3"
"3759","10"
"3760","42"
"3761","1"
"3762","10"
"3763","10"
"3764","41"
"3765","41"
"3766","2"
"3767","7"
"3768","9"
"3769","10"
"3770","10"
"3771","42"
"3772","7"
"3773","10"
"3774","10"
"3775","42"
"3776","11"
"3777","3"
"3778","10"
"3779","10"
"3780","1"
"3781","45"
"3782","6"
"3783","8"
"3784","12"
"3785","10"
"3786","12"
"3787","7"
"3788","1"
"3789","41"
"3790","1"
"3791","10"
"3792","5"
"3793","42"
"3794","41"
"3795","42"
"3796","6"
"3797","2"
"3798","3"
"3799","2"
"3800","10"
"3801","2"
"3802","41"
"3803","4"
"3804","11"
"3805","10"
"3806","42"
"3807","10"
"3808","4"
"3809","1"
"3810","2"
"3811","8"
"3812","10"
"3813","10"
"3814","10"
"3815","42"
"3816","10"
"3817","4"
"3818","2"
"3819","4"
"3820","10"
"3821","10"
"3822","3"
"3823","3"
"3824","7"
"3825","41"
"3826","10"
"3827","5"
"3828","3"
"3829","42"
"3830","3"
"3831","45"
"3832","3"
"3833","10"
"3834","42"
"3835","1"
"3836","2"
"3837","10"
"3838","42"
"3839","2"
"3840","2"
"3841","11"
"3842","7"
"3843","42"
"3844","5"
"3845","42"
"3846","8"
"3847","1"
"3848","42"
"3849","2"
"3850","2"
"3851","2"
"3852","42"
"3853","4"
"3854","42"
"3855","41"
"3856","11"
"3857","2"
"3858","10"
"3859","10"
"3860","44"
"3861","42"
"3862","10"
"3863","42"
"3864","3"
"3865","2"
"3866","41"
"3867","42"
"3868","45"
"3869","7"
"3870","42"
"3871","11"
"3872","41"
"3873","1"
"3874","41"
"3875","7"
"3876","11"
"3877","12"
"3878","3"
"3879","41"
"3880","41"
"3881","2"
"3882","10"
"3883","42"
"3884","42"
"3885","2"
"3886","1"
"3887","10"
"3888","9"
"3889","22"
"3890","7"
"3891","10"
"3892","11"
"3893","41"
"3894","1"
"3895","10"
"3896","10"
"3897","10"
"3898","10"
"3899","42"
"3900","1"
"3901","10"
"3902","42"
"3903","7"
"3904","1"
"3905","42"
"3906","8"
"3907","11"
"3908","10"
"3909","42"
"3910","43"
"3911","1"
"3912","11"
"3913","41"
"3914","6"
"3915","2"
"3916","2"
"3917","11"
"3918","1"
"3919","10"
"3920","3"
"3921","7"
"3922","41"
"3923","11"
"3924","1"
"3925","41"
"3926","5"
"3927","10"
"3928","1"
"3929","42"
"3930","2"
"3931","10"
"3932","7"
"3933","10"
"3934","2"
"3935","9"
"3936","5"
"3937","42"
"3938","42"
"3939","7"
"3940","10"
"3941","10"
"3942","41"
"3943","42"
"3944","10"
"3945","10"
"3946","10"
"3947","41"
"3948","10"
"3949","22"
"3950","43"
"3951","1"
"3952","2"
"3953","2"
"3954","10"
"3955","3"
"3956","11"
"3957","10"
"3958","3"
"3959","8"
"3960","10"
"3961","7"
"3962","42"
"3963","11"
"3964","42"
"3965","2"
"3966","3"
"3967","1"
"3968","7"
"3969","1"
"3970","42"
"3971","2"
"3972","3"
"3973","10"
"3974","41"
"3975","2"
"3976","7"
"3977","10"
"3978","7"
"3979","42"
"3980","2"
"3981","6"
"3982","1"
"3983","42"
"3984","41"
"3985","42"
"3986","41"
"3987","42"
"3988","22"
"3989","41"
"3990","42"
"3991","2"
"3992","2"
"3993","1"
"3994","2"
"3995","41"
"3996","2"
"3997","10"
"3998","1"
"3999","2"
"4000","5"
"4001","41"
"4002","1"
"4003","42"
"4004","1"
"4005","11"
"4006","2"
"4007","9"
"4008","5"
"4009","42"
"4010","3"
"4011","42"
"4012","42"
"4013","8"
"4014","1"
"4015","42"
"4016","3"
"4017","10"
"4018","1"
"4019","10"
"4020","2"
"4021","42"
"4022","10"
"4023","10"
"4024","10"
"4025","1"
"4026","42"
"4027","3"
"4028","5"
"4029","2"
"4030","42"
"4031","11"
"4032","10"
"4033","5"
"4034","8"
"4035","1"
"4036","11"
"4037","10"
"4038","42"
"4039","7"
"4040","2"
"4041","5"
"4042","41"
"4043","10"
"4044","42"
"4045","1"
"4046","10"
"4047","5"
"4048","10"
"4049","42"
"4050","10"
"4051","7"
"4052","42"
"4053","2"
"4054","10"
"4055","42"
"4056","42"
"4057","41"
"4058","1"
"4059","1"
"4060","2"
"4061","42"
"4062","10"
"4063","42"
"4064","41"
"4065","7"
"4066","45"
"4067","42"
"4068","10"
"4069","41"
"4070","5"
"4071","42"
"4072","5"
"4073","42"
"4074","41"
"4075","42"
"4076","42"
"4077","45"
"4078","3"
"4079","3"
"4080","42"
"4081","10"
"4082","10"
"4083","10"
"4084","1"
"4085","36"
"4086","1"
"4087","33"
"4088","10"
"4089","10"
"4090","2"
"4091","9"
"4092","3"
"4093","3"
"4094","10"
"4095","1"
"4096","10"
"4097","10"
"4098","27"
"4099","42"
"4100","38"
"4101","1"
"4102","30"
"4103","1"
"4104","1"
"4105","27"
"4106","12"
"4107","2"
"4108","42"
"4109","8"
"4110","1"
"4111","3"
"4112","27"
"4113","26"
"4114","2"
"4115","4"
"4116","41"
"4117","1"
"4118","1"
"4119","31"
"4120","1"
"4121","27"
"4122","11"
"4123","12"
"4124","1"
"4125","10"
"4126","1"
"4127","1"
"4128","10"
"4129","1"
"4130","2"
"4131","36"
"4132","1"
"4133","1"
"4134","3"
"4135","12"
"4136","35"
"4137","3"
"4138","1"
"4139","1"
"4140","1"
"4141","4"
"4142","40"
"4143","3"
"4144","22"
"4145","35"
"4146","10"
"4147","1"
"4148","1"
"4149","12"
"4150","30"
"4151","40"
"4152","1"
"4153","10"
"4154","6"
"4155","1"
"4156","30"
"4157","10"
"4158","10"
"4159","36"
"4160","12"
"4161","2"
"4162","2"
"4163","1"
"4164","12"
"4165","27"
"4166","1"
"4167","12"
"4168","2"
"4169","2"
"4170","2"
"4171","1"
"4172","26"
"4173","1"
"4174","45"
"4175","30"
"4176","10"
"4177","45"
"4178","10"
"4179","3"
"4180","30"
"4181","27"
"4182","2"
"4183","37"
"4184","2"
"4185","3"
"4186","11"
"4187","35"
"4188","31"
"4189","27"
"4190","30"
"4191","38"
"4192","45"
"4193","40"
"4194","30"
"4195","10"
"4196","45"
"4197","27"
"4198","26"
"4199","40"
"4200","3"
"4201","2"
"4202","1"
"4203","2"
"4204","1"
"4205","1"
"4206","3"
"4207","40"
"4208","42"
"4209","3"
"4210","41"
"4211","1"
"4212","7"
"4213","45"
"4214","2"
"4215","26"
"4216","29"
"4217","28"
"4218","3"
"4219","31"
"4220","8"
"4221","41"
"4222","1"
"4223","45"
"4224","36"
"4225","30"
"4226","2"
"4227","11"
"4228","3"
"4229","11"
"4230","38"
"4231","1"
"4232","30"
"4233","28"
"4234","41"
"4235","2"
"4236","42"
"4237","1"
"4238","12"
"4239","7"
"4240","44"
"4241","26"
"4242","35"
"4243","10"
"4244","36"
"4245","10"
"4246","1"
"4247","3"
"4248","36"
"4249","36"
"4250","3"
"4251","28"
"4252","1"
"4253","8"
"4254","2"
"4255","2"
"4256","1"
"4257","27"
"4258","40"
"4259","1"
"4260","2"
"4261","3"
"4262","3"
"4263","1"
"4264","31"
"4265","28"
"4266","1"
"4267","2"
"4268","1"
"4269","11"
"4270","27"
"4271","2"
"4272","2"
"4273","3"
"4274","11"
"4275","3"
"4276","3"
"4277","25"
"4278","1"
"4279","1"
"4280","9"
"4281","40"
"4282","7"
"4283","12"
"4284","1"
"4285","14"
"4286","2"
"4287","1"
"4288","1"
"4289","2"
"4290","1"
"4291","1"
"4292","9"
"4293","2"
"4294","9"
"4295","1"
"4296","1"
"4297","26"
"4298","35"
"4299","1"
"4300","30"
"4301","2"
"4302","45"
"4303","30"
"4304","3"
"4305","2"
"4306","3"
"4307","38"
"4308","12"
"4309","28"
"4310","27"
"4311","40"
"4312","12"
"4313","2"
"4314","41"
"4315","12"
"4316","36"
"4317","27"
"4318","26"
"4319","2"
"4320","1"
"4321","1"
"4322","2"
"4323","10"
"4324","1"
"4325","26"
"4326","35"
"4327","40"
"4328","2"
"4329","45"
"4330","2"
"4331","3"
"4332","12"
"4333","12"
"4334","43"
"4335","36"
"4336","28"
"4337","45"
"4338","44"
"4339","22"
"4340","38"
"4341","2"
"4342","1"
"4343","29"
"4344","5"
"4345","8"
"4346","1"
"4347","40"
"4348","1"
"4349","2"
"4350","28"
"4351","44"
"4352","12"
"4353","45"
"4354","1"
"4355","1"
"4356","2"
"4357","2"
"4358","42"
"4359","1"
"4360","41"
"4361","40"
"4362","44"
"4363","45"
"4364","5"
"4365","2"
"4366","2"
"4367","2"
"4368","2"
"4369","7"
"4370","45"
"4371","12"
"4372","22"
"4373","12"
"4374","42"
"4375","40"
"4376","3"
"4377","12"
"4378","27"
"4379","2"
"4380","36"
"4381","14"
"4382","25"
"4383","30"
"4384","43"
"4385","45"
"4386","7"
"4387","2"
"4388","11"
"4389","2"
"4390","1"
"4391","12"
"4392","1"
"4393","11"
"4394","42"
"4395","25"
"4396","3"
"4397","36"
"4398","27"
"4399","41"
"4400","33"
"4401","35"
"4402","45"
"4403","22"
"4404","12"
"4405","31"
"4406","27"
"4407","3"
"4408","40"
"4409","2"
"4410","22"
"4411","25"
"4412","2"
"4413","25"
"4414","3"
"4415","41"
"4416","27"
"4417","22"
"4418","38"
"4419","22"
"4420","17"
"4421","22"
"4422","23"
"4423","22"
